<?xml version="1.0" encoding="utf-8"?>
<Obj xmlns:xsi="http://www.w3.org/2001/XMLSchema-instance" xmlns:xsd="http://www.w3.org/2001/XMLSchema">
  <maxHP>0</maxHP>
  <SuperBoundCount>0</SuperBoundCount>
  <IsBound>false</IsBound>
  <RemoveBoundCount>0</RemoveBoundCount>
  <textColor>4294967295</textColor>
  <shotInterval>0</shotInterval>
  <isInit>false</isInit>
  <residueFlash>0</residueFlash>
  <boss2>
    <attack>MoveFirst</attack>
    <attackWait>0</attackWait>
    <attackNum>0</attackNum>
    <isRandom>false</isRandom>
    <x>0</x>
    <y>0</y>
  </boss2>
  <boss1>
    <attack>MoveFirst</attack>
    <attackWait>0</attackWait>
    <attackNum>0</attackNum>
    <isRandom>false</isRandom>
    <kidding>UpToDownWithSideMove</kidding>
    <x>0</x>
    <y>0</y>
    <shotX>0</shotX>
    <shotY>0</shotY>
    <shotWait>0</shotWait>
    <speedX>0</speedX>
    <speedY>0</speedY>
    <targetY>0</targetY>
    <isLeft>false</isLeft>
    <kiddingInit>false</kiddingInit>
    <IsRemove>false</IsRemove>
  </boss1>
  <AccessCodeIndex>0</AccessCodeIndex>
  <IsRemove>false</IsRemove>
  <num>11</num>
  <type>Enemy</type>
  <move>Bound</move>
  <attack>Nothing</attack>
  <remove>Normal</remove>
  <init>X640_YAuto</init>
  <hp>4</hp>
  <damage>0</damage>
  <shotNum>0</shotNum>
  <score>200</score>
  <IsBoss>false</IsBoss>
  <x>0</x>
  <y>0</y>
  <width>45</width>
  <height>16</height>
  <speedX>-2</speedX>
  <speedY>0</speedY>
  <angle>0</angle>
  <text>(ﾟДﾟ )</text>
  <RemoveBoundCountMax>0</RemoveBoundCountMax>
  <SuperBoundNum>0</SuperBoundNum>
  <residue>0</residue>
  <ShakeEnabled>false</ShakeEnabled>
  <IsUseCode>false</IsUseCode>
</Obj>